solver,entrie,metric,path,cost,time,space
twice-around-the-tree,2^4,euclidean,"[0, 4, 7, 9, 6, 14, 8, 10, 1, 15, 5, 12, 3, 2, 11, 13, 0]",1076,0.5338569999366882,space
twice-around-the-tree,2^4,manhattan,"[0, 4, 7, 9, 6, 10, 3, 2, 11, 13, 15, 1, 5, 12, 14, 8, 0]",1558,0.49551099982636515,space
christofides,2^4,euclidean,"[0, 15, 14, 13, 15, 12, 14, 11, 13, 11, 15, 10, 13, 12, 10, 14, 9, 15, 8, 14, 7, 15, 6, 14, 5, 15, 4, 14, 3, 15, 1, 15, 2, 14, 8, 13, 9, 12, 11, 10, 9, 11, 8, 12, 7, 13, 6, 11, 7, 10, 8, 9, 7, 10, 6, 9, 6, 8, 7, 6, 12, 5, 13, 4, 12, 3, 13, 1, 14, 0, 13, 2, 12, 5, 11, 4, 10, 3, 11, 1, 12, 0, 11, 2, 10, 5, 9, 4, 8, 3, 9, 1, 10, 0, 9, 2, 8, 5, 7, 4, 6, 3, 7, 1, 8, 0, 7, 2, 6, 5, 4, 3, 5, 1, 6, 0, 5, 2, 3, 2, 4, 0, 4, 1, 3, 0, 2, 1, 0]",17419,0.005205948000366334,space
christofides,2^4,manhattan,"[0, 15, 14, 13, 15, 12, 14, 11, 13, 11, 15, 10, 13, 12, 10, 14, 9, 15, 8, 14, 7, 15, 6, 14, 5, 15, 4, 14, 3, 15, 1, 15, 2, 14, 8, 13, 9, 12, 11, 10, 9, 11, 8, 12, 7, 13, 6, 11, 7, 10, 8, 9, 7, 10, 6, 9, 6, 8, 7, 6, 12, 5, 13, 4, 12, 3, 13, 1, 14, 0, 13, 2, 12, 5, 11, 4, 10, 3, 11, 1, 12, 0, 11, 2, 10, 5, 9, 4, 8, 3, 9, 1, 10, 0, 9, 2, 8, 5, 7, 4, 6, 3, 7, 1, 8, 0, 7, 2, 6, 5, 4, 3, 5, 1, 6, 0, 5, 2, 3, 2, 4, 0, 4, 1, 3, 0, 2, 1, 0]",21968,0.005278870000438474,space
